コースタイプ,芝・ダ,血統区分,血統名,強条件数,最大リフト,平均複勝率,最大複勝回収率,合計母数
直線長め・持続型,ダ,父系統,父系統不明,32,1.377,0.2328,0.0,15221
直線長め・持続型,芝,父系統,ロイヤルチャージャー系,32,1.222,0.2353,0.0,23085
坂あり・パワー型,ダ,母父系統,ニアークティック系,31,1.247,0.2368,0.0,15140
坂あり・パワー型,ダ,父系統,父系統不明,29,1.3,0.236,0.0,14129
坂あり・パワー型,ダ,母父系統,ネイティヴダンサー系,28,1.389,0.2302,0.0,10355
坂あり・パワー型,ダ,父系統,ネイティヴダンサー系,27,1.328,0.2333,0.0,10293
坂あり・パワー型,芝,父系統,ロイヤルチャージャー系,24,1.304,0.244,0.0,18096
直線長め・持続型,ダ,母父系統,ネイティヴダンサー系,23,1.408,0.2399,0.0,10976
直線長め・持続型,芝,父系統,父系統不明,20,1.366,0.2458,0.0,9487
小回り・機動型,芝,父系統,父系統不明,20,1.344,0.2502,0.0,7418
平坦・スピード型,ダ,母父系統,ネイティヴダンサー系,20,1.341,0.2412,0.0,6891
直線長め・持続型,ダ,父系統,ネイティヴダンサー系,18,1.357,0.2279,0.0,4664
坂あり・パワー型,芝,父,ディープインパクト,17,1.802,0.3445,0.0,3951
小回り・機動型,ダ,父系統,父系統不明,17,1.399,0.2352,0.0,4295
坂あり・パワー型,芝,父系統,父系統不明,17,1.39,0.2604,0.0,4727
直線長め・持続型,芝,母父系統,ニアークティック系,17,1.25,0.2382,0.0,6886
直線長め・持続型,芝,父,ディープインパクト,16,2.006,0.3543,0.0,3955
坂あり・パワー型,芝,母父系統,ニアークティック系,16,1.529,0.2562,0.0,3875
直線長め・平坦型,芝,父系統,ロイヤルチャージャー系,16,1.223,0.2206,0.0,9084
小回り・機動型,芝,父系統,ロイヤルチャージャー系,16,1.19,0.2305,0.0,8132
平坦・スピード型,ダ,父系統,父系統不明,15,1.455,0.2456,0.0,3638
坂あり・パワー型,ダ,父系統,ニアークティック系,15,1.275,0.2256,0.0,3669
直線長め・持続型,ダ,母父系統,ロイヤルチャージャー系,15,1.23,0.2246,0.0,3201
小回り・機動型,芝,母父系統,ニアークティック系,15,1.204,0.2385,0.0,5015
平坦・スピード型,芝,父系統,ロイヤルチャージャー系,15,1.155,0.2536,0.0,11559
小回り・機動型,ダ,父系統,ネイティヴダンサー系,14,1.388,0.2346,0.0,3148
直線長め・持続型,ダ,母父系統,ニアークティック系,13,1.472,0.2354,0.0,3721
小回り・持続型,芝,父系統,父系統不明,13,1.389,0.2664,0.0,3480
小回り・機動型,ダ,母父系統,ニアークティック系,13,1.38,0.2384,0.0,3282
坂あり・パワー型,ダ,母父系統,ロイヤルチャージャー系,13,1.282,0.2524,0.0,4171
坂あり・パワー型,ダ,父系統,ロイヤルチャージャー系,13,1.231,0.2454,0.0,4544
坂あり・パワー型,芝,父,キングカメハメハ,12,1.843,0.3072,0.0,1892
直線長め・持続型,芝,父,ハーツクライ,12,1.628,0.2898,0.0,2116
坂あり・パワー型,ダ,母父,サンデーサイレンス,12,1.458,0.2559,0.0,2283
坂あり・パワー型,芝,父系統,ネイティヴダンサー系,12,1.431,0.2494,0.0,2752
直線長め・持続型,ダ,父系統,ナスルーラ系,12,1.366,0.2361,0.0,2224
坂あり・パワー型,芝,母父系統,ナスルーラ系,12,1.306,0.2497,0.0,3136
直線長め・持続型,芝,母父系統,ロイヤルチャージャー系,11,1.417,0.2287,0.0,2562
直線長め・持続型,芝,母父,サンデーサイレンス,11,1.365,0.2569,0.0,3307
小回り・機動型,芝,母父,サンデーサイレンス,11,1.309,0.2437,0.0,1844
平坦・スピード型,ダ,母父系統,ロイヤルチャージャー系,11,1.279,0.2418,0.0,3150
小回り・機動型,ダ,母父系統,ネイティヴダンサー系,11,1.268,0.2317,0.0,3029
平坦・スピード型,ダ,父系統,ネイティヴダンサー系,11,1.249,0.2344,0.0,3889
坂あり・パワー型,芝,父,ダイワメジャー,10,1.826,0.2948,0.0,1518
小回り・持続型,ダ,父系統,ネイティヴダンサー系,10,1.534,0.3035,0.0,2583
坂あり・パワー型,芝,父,ステイゴールド,10,1.47,0.2754,0.0,1306
坂あり・パワー型,芝,父,ハーツクライ,10,1.41,0.2944,0.0,1845
小回り・機動型,芝,母父系統,ナスルーラ系,10,1.375,0.2435,0.0,3262
直線長め・持続型,ダ,母父,サンデーサイレンス,10,1.364,0.2416,0.0,2183
小回り・持続型,芝,母父系統,ニアークティック系,10,1.282,0.2651,0.0,2010
直線長め・持続型,芝,母父系統,ネイティヴダンサー系,10,1.229,0.2279,0.0,4156
直線長め・平坦型,芝,母父系統,ニアークティック系,10,1.207,0.2159,0.0,4140
坂あり・パワー型,芝,母父系統,ロイヤルチャージャー系,10,1.168,0.244,0.0,4113
坂あり・パワー型,芝,母父系統,ネイティヴダンサー系,10,1.166,0.2469,0.0,3012
平坦・スピード型,ダ,父,クロフネ,9,1.54,0.2806,0.0,1212
坂あり・パワー型,ダ,父,キングカメハメハ,9,1.526,0.2786,0.0,1372
直線長め・平坦型,ダ,母父系統,ネイティヴダンサー系,9,1.475,0.2445,0.0,1914
坂あり・パワー型,ダ,父,クロフネ,9,1.46,0.2556,0.0,1255
坂あり・パワー型,ダ,父,ゴールドアリュール,9,1.43,0.2446,0.0,1051
直線長め・平坦型,ダ,父系統,ネイティヴダンサー系,9,1.373,0.2334,0.0,2906
坂あり・パワー型,芝,母父,サンデーサイレンス,9,1.337,0.2573,0.0,2444
坂あり・パワー型,ダ,父系統,ナスルーラ系,9,1.326,0.2486,0.0,1483
平坦・スピード型,芝,母父,サンデーサイレンス,9,1.321,0.274,0.0,2222
平坦・スピード型,芝,父系統,父系統不明,9,1.302,0.2671,0.0,2380
平坦・スピード型,芝,母父系統,ロイヤルチャージャー系,9,1.278,0.2523,0.0,3110
坂あり・パワー型,ダ,母父系統,ナスルーラ系,9,1.277,0.234,0.0,1580
坂あり・パワー型,芝,父系統,ニアークティック系,9,1.274,0.2493,0.0,1570
直線長め・持続型,ダ,父系統,ロイヤルチャージャー系,9,1.235,0.2264,0.0,1635
平坦・スピード型,ダ,母父系統,ニアークティック系,9,1.216,0.2382,0.0,2619
小回り・持続型,ダ,母父系統,ロイヤルチャージャー系,9,1.132,0.2626,0.0,1948
平坦・スピード型,芝,父,ディープインパクト,8,1.992,0.3969,0.0,2107
小回り・機動型,芝,父,ディープインパクト,8,1.667,0.302,0.0,1377
直線長め・持続型,芝,父,ダイワメジャー,8,1.495,0.2768,0.0,1464
直線長め・持続型,芝,父,キングカメハメハ,8,1.421,0.2765,0.0,1451
直線長め・平坦型,ダ,父系統,父系統不明,8,1.306,0.2508,0.0,2007
小回り・持続型,芝,父系統,ロイヤルチャージャー系,8,1.267,0.2664,0.0,1660
小回り・機動型,ダ,母父系統,ロイヤルチャージャー系,8,1.245,0.2271,0.0,2978
小回り・持続型,ダ,母父系統,ネイティヴダンサー系,8,1.163,0.2626,0.0,2854
坂あり・パワー型,ダ,父,ヘニーヒューズ,7,1.803,0.2997,0.0,708
直線長め・平坦型,芝,父,ディープインパクト,7,1.757,0.3187,0.0,1207
直線長め・持続型,ダ,父,キングカメハメハ,7,1.556,0.2842,0.0,1213
坂あり・パワー型,ダ,母父,クロフネ,7,1.452,0.2704,0.0,973
坂あり・パワー型,ダ,母父,フジキセキ,7,1.436,0.2528,0.0,1015
小回り・機動型,芝,父,ダイワメジャー,7,1.423,0.2501,0.0,946
小回り・持続型,ダ,父系統,ロイヤルチャージャー系,7,1.308,0.2843,0.0,2838
直線長め・持続型,ダ,母父系統,ナスルーラ系,7,1.239,0.2181,0.0,1368
平坦・スピード型,ダ,父系統,ロイヤルチャージャー系,7,1.225,0.2583,0.0,2059
直線長め・持続型,ダ,父系統,ニアークティック系,7,1.219,0.2232,0.0,1559
小回り・持続型,ダ,母父系統,ニアークティック系,7,1.204,0.2779,0.0,1234
小回り・持続型,ダ,父系統,父系統不明,7,1.193,0.2867,0.0,1604
小回り・機動型,ダ,母父系統,ナスルーラ系,7,1.172,0.2326,0.0,1046
直線長め・持続型,芝,父,ロードカナロア,6,1.897,0.3162,0.0,889
坂あり・パワー型,芝,父,ロードカナロア,6,1.815,0.3042,0.0,738
直線長め・持続型,芝,母父,ディープインパクト,6,1.709,0.2912,0.0,832
小回り・持続型,芝,母父,サンデーサイレンス,6,1.699,0.3335,0.0,988
平坦・スピード型,芝,父,キングカメハメハ,6,1.56,0.3012,0.0,1033
坂あり・パワー型,芝,父,ハービンジャー,6,1.519,0.2774,0.0,832
坂あり・パワー型,芝,母父,ディープインパクト,6,1.503,0.297,0.0,668
直線長め・持続型,芝,母父,キングカメハメハ,6,1.481,0.2799,0.0,782
平坦・スピード型,ダ,父,ゴールドアリュール,6,1.449,0.2549,0.0,846
直線長め・平坦型,芝,母父系統,ロイヤルチャージャー系,6,1.424,0.2114,0.0,842
直線長め・持続型,芝,母父系統,ナスルーラ系,6,1.379,0.2618,0.0,878
直線長め・持続型,ダ,父,ゴールドアリュール,6,1.357,0.2445,0.0,1147
坂あり・パワー型,ダ,母父,フレンチデピュティ,6,1.35,0.2633,0.0,833
平坦・スピード型,芝,母父系統,ニアークティック系,6,1.344,0.2437,0.0,2861
坂あり・パワー型,芝,母父系統,その他のエクリプス系,6,1.343,0.2703,0.0,660
直線長め・平坦型,芝,母父系統,ナスルーラ系,6,1.332,0.2502,0.0,1466
直線長め・平坦型,ダ,父系統,ロイヤルチャージャー系,6,1.328,0.2363,0.0,2770
小回り・機動型,芝,母父系統,ロイヤルチャージャー系,6,1.326,0.2638,0.0,2684
小回り・機動型,芝,父系統,ネイティヴダンサー系,6,1.323,0.2618,0.0,1259
直線長め・平坦型,芝,母父系統,ネイティヴダンサー系,6,1.268,0.2405,0.0,1234
平坦・スピード型,ダ,父系統,ナスルーラ系,6,1.246,0.2343,0.0,1334
小回り・持続型,芝,母父系統,ロイヤルチャージャー系,6,1.226,0.2802,0.0,1396
平坦・スピード型,ダ,母父,サンデーサイレンス,6,1.217,0.2415,0.0,1354
直線長め・平坦型,芝,母父,サンデーサイレンス,6,1.211,0.2342,0.0,943
小回り・機動型,芝,父系統,ニアークティック系,6,1.209,0.2309,0.0,1525
直線長め・平坦型,芝,父系統,父系統不明,6,1.196,0.2174,0.0,2592
小回り・持続型,芝,母父系統,ナスルーラ系,6,1.195,0.2668,0.0,1066
小回り・機動型,芝,母父系統,ネイティヴダンサー系,6,1.184,0.2406,0.0,1697
平坦・スピード型,芝,父系統,ネイティヴダンサー系,6,1.132,0.25,0.0,1929
小回り・機動型,芝,父,ハーツクライ,5,1.718,0.2935,0.0,785
小回り・機動型,芝,父,サクラバクシンオー,5,1.634,0.2697,0.0,602
坂あり・パワー型,芝,父,マンハッタンカフェ,5,1.618,0.2638,0.0,619
小回り・機動型,芝,父,ステイゴールド,5,1.613,0.2625,0.0,580
直線長め・持続型,芝,母父,クロフネ,5,1.586,0.2719,0.0,525
坂あり・パワー型,ダ,母父,ブライアンズタイム,5,1.538,0.242,0.0,522
平坦・スピード型,ダ,父,キングカメハメハ,5,1.497,0.2903,0.0,867
坂あり・パワー型,芝,母父,トニービン,5,1.474,0.2837,0.0,644
平坦・スピード型,芝,父,ハーツクライ,5,1.473,0.2749,0.0,741
坂あり・パワー型,ダ,父,サウスヴィグラス,5,1.431,0.2445,0.0,967
平坦・スピード型,ダ,母父,ブライアンズタイム,5,1.41,0.2508,0.0,756
小回り・機動型,ダ,母父,サンデーサイレンス,5,1.393,0.2503,0.0,704
直線長め・持続型,芝,父,ステイゴールド,5,1.383,0.2581,0.0,616
直線長め・平坦型,芝,父系統,ネイティヴダンサー系,5,1.309,0.2269,0.0,1173
直線長め・平坦型,ダ,母父系統,ナスルーラ系,5,1.303,0.2485,0.0,1069
坂あり・パワー型,ダ,父,シンボリクリスエス,5,1.299,0.2452,0.0,651
直線長め・持続型,ダ,母父,フジキセキ,5,1.249,0.2198,0.0,1058
小回り・機動型,芝,父系統,ナスルーラ系,5,1.147,0.2293,0.0,1590
平坦・スピード型,芝,母父系統,ナスルーラ系,5,1.128,0.2413,0.0,2064
直線長め・持続型,ダ,父,ヘニーヒューズ,4,1.823,0.2744,0.0,629
坂あり・パワー型,ダ,父,キンシャサノキセキ,4,1.656,0.2718,0.0,463
小回り・機動型,芝,父,キングカメハメハ,4,1.633,0.2762,0.0,519
坂あり・パワー型,ダ,父,ネオユニヴァース,4,1.611,0.284,0.0,488
直線長め・持続型,芝,父,ハービンジャー,4,1.595,0.2693,0.0,415
小回り・持続型,芝,父系統,ネイティヴダンサー系,4,1.535,0.2689,0.0,754
坂あり・パワー型,芝,母父,キングカメハメハ,4,1.524,0.294,0.0,485
坂あり・パワー型,芝,父,ルーラーシップ,4,1.501,0.2858,0.0,523
直線長め・平坦型,芝,父,キングカメハメハ,4,1.492,0.2699,0.0,466
直線長め・平坦型,芝,父,ダイワメジャー,4,1.471,0.2602,0.0,518
直線長め・持続型,ダ,母父,フレンチデピュティ,4,1.409,0.2523,0.0,729
坂あり・パワー型,ダ,父,ハーツクライ,4,1.382,0.271,0.0,496
小回り・機動型,ダ,父系統,ニアークティック系,4,1.379,0.2535,0.0,463
平坦・スピード型,ダ,父,サウスヴィグラス,4,1.327,0.2352,0.0,478
平坦・スピード型,ダ,父系統,ニアークティック系,4,1.321,0.2546,0.0,847
小回り・持続型,ダ,父系統,ニアークティック系,4,1.296,0.2952,0.0,523
直線長め・持続型,芝,父,ルーラーシップ,4,1.266,0.2539,0.0,449
小回り・機動型,芝,母父,フレンチデピュティ,4,1.257,0.2381,0.0,399
直線長め・持続型,ダ,母父,アフリート,4,1.246,0.237,0.0,520
小回り・持続型,芝,父系統,ニアークティック系,4,1.224,0.2632,0.0,942
平坦・スピード型,芝,父系統,ニアークティック系,4,1.218,0.2425,0.0,840
直線長め・平坦型,ダ,母父系統,ニアークティック系,4,1.178,0.2335,0.0,630
坂あり・パワー型,芝,父系統,ナスルーラ系,4,1.174,0.2282,0.0,570
坂あり・パワー型,芝,母父,フレンチデピュティ,4,1.162,0.2383,0.0,447
直線長め・持続型,芝,父系統,ネイティヴダンサー系,4,1.137,0.2471,0.0,620
小回り・機動型,芝,母父,フジキセキ,4,1.134,0.2124,0.0,559
直線長め・平坦型,ダ,父系統,ニアークティック系,4,1.119,0.2198,0.0,867
平坦・スピード型,芝,母父系統,ネイティヴダンサー系,4,1.093,0.2615,0.0,1219
平坦・スピード型,ダ,父,ネオユニヴァース,3,1.678,0.2967,0.0,351
直線長め・平坦型,芝,父,ハーツクライ,3,1.659,0.2939,0.0,486
小回り・持続型,芝,父,ディープインパクト,3,1.604,0.3214,0.0,423
小回り・機動型,芝,父,ロードカナロア,3,1.539,0.265,0.0,349
平坦・スピード型,芝,母父,フレンチデピュティ,3,1.5,0.3026,0.0,323
坂あり・パワー型,芝,父,シンボリクリスエス,3,1.475,0.28,0.0,361
平坦・スピード型,芝,父,ダイワメジャー,3,1.452,0.274,0.0,562
直線長め・持続型,芝,母父,シンボリクリスエス,3,1.417,0.258,0.0,382
平坦・スピード型,芝,父,ステイゴールド,3,1.393,0.2829,0.0,386
平坦・スピード型,芝,母父,トニービン,3,1.391,0.2549,0.0,342
直線長め・平坦型,芝,父,ステイゴールド,3,1.379,0.2517,0.0,389
小回り・機動型,芝,母父,トニービン,3,1.378,0.2641,0.0,403
坂あり・パワー型,芝,父,エピファネイア,3,1.369,0.2953,0.0,288
坂あり・パワー型,芝,母父,スペシャルウィーク,3,1.343,0.2589,0.0,295
小回り・機動型,芝,母父系統,その他のエクリプス系,3,1.341,0.2447,0.0,310
直線長め・持続型,ダ,母父,キングカメハメハ,3,1.332,0.2514,0.0,344
直線長め・平坦型,ダ,母父系統,ロイヤルチャージャー系,3,1.306,0.2262,0.0,1205
直線長め・持続型,ダ,父,クロフネ,3,1.28,0.226,0.0,816
小回り・機動型,芝,父,ハービンジャー,3,1.272,0.2483,0.0,454
小回り・機動型,ダ,父系統,ナスルーラ系,3,1.265,0.241,0.0,588
直線長め・持続型,芝,母父,フレンチデピュティ,3,1.259,0.2528,0.0,391
直線長め・持続型,ダ,父,マンハッタンカフェ,3,1.259,0.2522,0.0,290
平坦・スピード型,芝,父,ハービンジャー,3,1.255,0.2823,0.0,369
直線長め・持続型,芝,父,シンボリクリスエス,3,1.241,0.2482,0.0,406
小回り・機動型,芝,母父,アグネスタキオン,3,1.238,0.2312,0.0,363
坂あり・パワー型,ダ,母父,アグネスタキオン,3,1.231,0.2279,0.0,292
直線長め・持続型,芝,父系統,ニアークティック系,3,1.225,0.2465,0.0,1013
直線長め・持続型,ダ,父,サウスヴィグラス,3,1.193,0.2203,0.0,462
直線長め・平坦型,ダ,父系統,ナスルーラ系,3,1.189,0.2293,0.0,486
直線長め・持続型,ダ,父,シンボリクリスエス,3,1.188,0.2412,0.0,521
小回り・持続型,芝,母父系統,ネイティヴダンサー系,3,1.185,0.2444,0.0,1181
小回り・持続型,ダ,母父系統,ナスルーラ系,3,1.181,0.2605,0.0,542
小回り・持続型,ダ,母父,サンデーサイレンス,3,1.15,0.2627,0.0,443
直線長め・持続型,芝,母父系統,その他のエクリプス系,3,1.116,0.2404,0.0,422
坂あり・パワー型,ダ,母父,シンボリクリスエス,3,1.107,0.2348,0.0,272
平坦・スピード型,ダ,母父系統,ナスルーラ系,3,1.098,0.2452,0.0,704
小回り・機動型,ダ,父系統,ロイヤルチャージャー系,3,1.095,0.2511,0.0,497
直線長め・持続型,ダ,父,シニスターミニスター,2,1.98,0.3366,0.0,192
直線長め・持続型,ダ,父,ゼンノロブロイ,2,1.947,0.3266,0.0,305
小回り・持続型,ダ,父,ゴールドアリュール,2,1.791,0.3676,0.0,203
直線長め・持続型,芝,父,エピファネイア,2,1.696,0.3415,0.0,243
直線長め・持続型,芝,母父,Storm Cat,2,1.66,0.3126,0.0,198
坂あり・パワー型,芝,父,アグネスタキオン,2,1.647,0.282,0.0,182
直線長め・平坦型,ダ,父,シンボリクリスエス,2,1.584,0.3214,0.0,239
平坦・スピード型,芝,父,ロードカナロア,2,1.578,0.2997,0.0,231
直線長め・持続型,ダ,父,ダイワメジャー,2,1.555,0.2508,0.0,206
直線長め・持続型,芝,父系統,ナスルーラ系,2,1.548,0.2412,0.0,292
直線長め・持続型,芝,父,フジキセキ,2,1.521,0.3018,0.0,232
直線長め・持続型,ダ,父,パイロ,2,1.518,0.2861,0.0,217
小回り・機動型,芝,母父,キングカメハメハ,2,1.508,0.3054,0.0,218
坂あり・パワー型,ダ,父,プリサイスエンド,2,1.503,0.257,0.0,242
坂あり・パワー型,芝,父,キズナ,2,1.476,0.3308,0.0,217
小回り・持続型,芝,父,キングカメハメハ,2,1.443,0.3359,0.0,229
小回り・機動型,芝,母父,ダンスインザダーク,2,1.435,0.2874,0.0,212
直線長め・持続型,ダ,父,プリサイスエンド,2,1.431,0.2366,0.0,285
小回り・機動型,ダ,父,ゴールドアリュール,2,1.411,0.2453,0.0,239
坂あり・パワー型,芝,母父,フジキセキ,2,1.406,0.2726,0.0,175
小回り・機動型,ダ,父,キングカメハメハ,2,1.404,0.2673,0.0,273
直線長め・平坦型,ダ,父,キングカメハメハ,2,1.403,0.2886,0.0,237
直線長め・平坦型,ダ,母父,フジキセキ,2,1.398,0.2626,0.0,254
直線長め・平坦型,芝,父,サクラバクシンオー,2,1.395,0.2603,0.0,207
坂あり・パワー型,ダ,父,マンハッタンカフェ,2,1.393,0.2782,0.0,230
直線長め・平坦型,ダ,母父,サンデーサイレンス,2,1.391,0.2709,0.0,329
坂あり・パワー型,ダ,父,ダイワメジャー,2,1.389,0.252,0.0,254
平坦・スピード型,ダ,母父,キングカメハメハ,2,1.383,0.2582,0.0,201
坂あり・パワー型,ダ,母父,キングカメハメハ,2,1.373,0.2568,0.0,270
直線長め・持続型,ダ,母父,クロフネ,2,1.363,0.2853,0.0,220
平坦・スピード型,ダ,母父系統,その他のエクリプス系,2,1.347,0.2452,0.0,200
直線長め・持続型,ダ,父,ハーツクライ,2,1.338,0.2803,0.0,212
平坦・スピード型,ダ,母父,クロフネ,2,1.335,0.2603,0.0,230
小回り・機動型,ダ,父,クロフネ,2,1.326,0.2462,0.0,232
小回り・機動型,芝,母父,タイキシャトル,2,1.321,0.2586,0.0,240
小回り・機動型,ダ,父,シンボリクリスエス,2,1.319,0.2514,0.0,227
直線長め・持続型,芝,母父,トニービン,2,1.317,0.2564,0.0,284
平坦・スピード型,芝,父,マンハッタンカフェ,2,1.314,0.3028,0.0,303
坂あり・パワー型,ダ,父,シニスターミニスター,2,1.311,0.274,0.0,202
平坦・スピード型,芝,父,アグネスタキオン,2,1.302,0.2728,0.0,252
直線長め・持続型,ダ,父,フジキセキ,2,1.267,0.2132,0.0,239
平坦・スピード型,芝,父,ゼンノロブロイ,2,1.263,0.2679,0.0,220
小回り・機動型,芝,母父,ディープインパクト,2,1.258,0.2442,0.0,215
直線長め・平坦型,芝,母父,キングカメハメハ,2,1.257,0.2579,0.0,201
小回り・機動型,ダ,父,サウスヴィグラス,2,1.241,0.2508,0.0,214
平坦・スピード型,芝,父,アドマイヤムーン,2,1.236,0.2452,0.0,229
坂あり・パワー型,ダ,母父,マンハッタンカフェ,2,1.23,0.2509,0.0,192
直線長め・持続型,芝,父,ゼンノロブロイ,2,1.227,0.2577,0.0,233
坂あり・パワー型,芝,母父,アグネスタキオン,2,1.223,0.2434,0.0,294
坂あり・パワー型,芝,父,サクラバクシンオー,2,1.199,0.2515,0.0,196
直線長め・持続型,ダ,母父,ブライアンズタイム,2,1.199,0.2092,0.0,576
小回り・機動型,芝,母父,ブライアンズタイム,2,1.192,0.2394,0.0,193
小回り・持続型,芝,父系統,ナスルーラ系,2,1.182,0.2772,0.0,301
坂あり・パワー型,ダ,母父,スペシャルウィーク,2,1.169,0.236,0.0,161
直線長め・持続型,ダ,母父,スペシャルウィーク,2,1.169,0.2054,0.0,321
小回り・持続型,ダ,父系統,ナスルーラ系,2,1.162,0.2812,0.0,267
小回り・持続型,ダ,父,キングカメハメハ,2,1.162,0.2774,0.0,226
小回り・機動型,ダ,母父,フジキセキ,2,1.16,0.2179,0.0,202
平坦・スピード型,芝,母父系統,その他のエクリプス系,2,1.155,0.2478,0.0,246
小回り・持続型,芝,父,ステイゴールド,2,1.142,0.274,0.0,208
坂あり・パワー型,ダ,父,パイロ,2,1.132,0.2376,0.0,203
直線長め・持続型,芝,父,マンハッタンカフェ,2,1.123,0.2218,0.0,260
小回り・機動型,芝,父,ジャングルポケット,2,1.117,0.2301,0.0,200
小回り・持続型,芝,父,ハービンジャー,2,1.113,0.2651,0.0,268
平坦・スピード型,芝,父,ジャングルポケット,2,1.108,0.2543,0.0,247
平坦・スピード型,ダ,父,シンボリクリスエス,2,1.105,0.247,0.0,338
小回り・機動型,ダ,父,ネオユニヴァース,1,1.873,0.3646,0.0,96
直線長め・持続型,ダ,父,ヴァーミリアン,1,1.865,0.3725,0.0,102
平坦・スピード型,ダ,父,ディープインパクト,1,1.719,0.375,0.0,80
小回り・機動型,ダ,母父,ダンスインザダーク,1,1.671,0.3253,0.0,83
直線長め・持続型,芝,父,キズナ,1,1.668,0.3953,0.0,86
直線長め・持続型,ダ,父,ロードカナロア,1,1.657,0.331,0.0,142
直線長め・平坦型,芝,父,ロードカナロア,1,1.637,0.3187,0.0,91
平坦・スピード型,芝,母父,ディープインパクト,1,1.63,0.4,0.0,90
平坦・スピード型,芝,父,フジキセキ,1,1.543,0.3305,0.0,118
坂あり・パワー型,芝,母父,Storm Cat,1,1.537,0.3333,0.0,87
坂あり・パワー型,ダ,母父,サクラバクシンオー,1,1.525,0.2697,0.0,89
直線長め・平坦型,芝,父,ルーラーシップ,1,1.52,0.3299,0.0,97
直線長め・平坦型,芝,母父,フジキセキ,1,1.516,0.2596,0.0,104
直線長め・平坦型,芝,母父,ダンスインザダーク,1,1.512,0.2588,0.0,85
直線長め・持続型,ダ,父,フレンチデピュティ,1,1.51,0.3015,0.0,136
坂あり・パワー型,ダ,父,キズナ,1,1.494,0.3396,0.0,106
小回り・機動型,芝,父,マンハッタンカフェ,1,1.469,0.3258,0.0,132
小回り・機動型,芝,父,アグネスタキオン,1,1.451,0.3218,0.0,87
小回り・持続型,芝,父,サクラバクシンオー,1,1.444,0.3,0.0,80
直線長め・平坦型,ダ,父,ハーツクライ,1,1.435,0.3077,0.0,104
直線長め・平坦型,芝,父,マンハッタンカフェ,1,1.433,0.2791,0.0,86
坂あり・パワー型,芝,母父系統,母父系統不明,1,1.422,0.3085,0.0,94
直線長め・持続型,ダ,父,キズナ,1,1.422,0.284,0.0,81
平坦・スピード型,芝,母父,Storm Cat,1,1.416,0.3034,0.0,89
直線長め・平坦型,ダ,母父,キングカメハメハ,1,1.415,0.3034,0.0,89
小回り・機動型,ダ,母父系統,その他のエクリプス系,1,1.41,0.2824,0.0,85
坂あり・パワー型,芝,父,モーリス,1,1.403,0.3043,0.0,92
直線長め・持続型,ダ,母父,Seeking the Gold,1,1.4,0.2796,0.0,93
坂あり・パワー型,芝,母父,サクラバクシンオー,1,1.386,0.2791,0.0,86
直線長め・持続型,芝,父,アグネスタキオン,1,1.385,0.2809,0.0,89
小回り・持続型,芝,父,ロードカナロア,1,1.382,0.3218,0.0,87
直線長め・平坦型,ダ,父,ゴールドアリュール,1,1.376,0.2951,0.0,122
平坦・スピード型,ダ,父,エンパイアメーカー,1,1.357,0.296,0.0,125
坂あり・パワー型,ダ,父,ロードカナロア,1,1.354,0.2609,0.0,92
小回り・持続型,ダ,母父,フジキセキ,1,1.35,0.3333,0.0,84
坂あり・パワー型,芝,母父,シンボリクリスエス,1,1.347,0.2921,0.0,89
直線長め・持続型,ダ,母父,フォーティナイナー,1,1.342,0.225,0.0,80
小回り・機動型,ダ,母父,ブライアンズタイム,1,1.34,0.2609,0.0,138
坂あり・パワー型,ダ,父,フレンチデピュティ,1,1.327,0.2558,0.0,86
坂あり・パワー型,ダ,父,ファスリエフ,1,1.321,0.2545,0.0,110
直線長め・持続型,芝,母父,ゼンノロブロイ,1,1.319,0.2674,0.0,86
直線長め・持続型,ダ,母父,Giant's Causeway,1,1.306,0.2609,0.0,92
小回り・機動型,芝,父,エピファネイア,1,1.303,0.2889,0.0,90
平坦・スピード型,ダ,父,ダイワメジャー,1,1.302,0.2604,0.0,96
平坦・スピード型,ダ,父,マンハッタンカフェ,1,1.297,0.2829,0.0,152
小回り・持続型,芝,父,マンハッタンカフェ,1,1.29,0.3133,0.0,83
平坦・スピード型,ダ,父,アグネスタキオン,1,1.288,0.2809,0.0,89
直線長め・平坦型,ダ,父,ゼンノロブロイ,1,1.287,0.2759,0.0,87
直線長め・平坦型,芝,母父,ディープインパクト,1,1.284,0.2788,0.0,104
坂あり・パワー型,ダ,父,ゼンノロブロイ,1,1.282,0.2913,0.0,127
小回り・機動型,芝,父,ダンスインザダーク,1,1.281,0.2841,0.0,88
小回り・持続型,芝,母父,キングカメハメハ,1,1.275,0.3095,0.0,84
直線長め・持続型,ダ,父,ディープインパクト,1,1.275,0.2784,0.0,97
坂あり・パワー型,ダ,父,オルフェーヴル,1,1.27,0.2887,0.0,97
坂あり・パワー型,ダ,父,エンパイアメーカー,1,1.27,0.2527,0.0,91
直線長め・持続型,芝,母父,アグネスタキオン,1,1.267,0.2593,0.0,108
小回り・機動型,芝,父,クロフネ,1,1.267,0.2469,0.0,81
小回り・機動型,芝,父,キンシャサノキセキ,1,1.263,0.2462,0.0,130
坂あり・パワー型,芝,父,オルフェーヴル,1,1.26,0.3023,0.0,86
直線長め・平坦型,ダ,父,ヘニーヒューズ,1,1.247,0.253,0.0,83
直線長め・持続型,芝,父,モーリス,1,1.246,0.2527,0.0,91
直線長め・平坦型,ダ,母父,フレンチデピュティ,1,1.244,0.2667,0.0,105
平坦・スピード型,ダ,父,サクラバクシンオー,1,1.231,0.24,0.0,100
平坦・スピード型,芝,父,スペシャルウィーク,1,1.229,0.2632,0.0,95
小回り・持続型,ダ,父,シンボリクリスエス,1,1.227,0.303,0.0,99
平坦・スピード型,芝,父,ルーラーシップ,1,1.226,0.3009,0.0,113
平坦・スピード型,ダ,父,ロージズインメイ,1,1.226,0.2673,0.0,101
小回り・機動型,芝,父,ルーラーシップ,1,1.222,0.2674,0.0,86
坂あり・パワー型,芝,母父,ブライアンズタイム,1,1.218,0.2453,0.0,106
直線長め・持続型,ダ,母父系統,母父系統不明,1,1.217,0.243,0.0,107
直線長め・平坦型,芝,父,ハービンジャー,1,1.214,0.2636,0.0,129
小回り・機動型,芝,母父,クロフネ,1,1.207,0.2353,0.0,102
直線長め・持続型,芝,母父,ダイワメジャー,1,1.204,0.2442,0.0,86
平坦・スピード型,芝,母父,キングカメハメハ,1,1.201,0.2947,0.0,95
平坦・スピード型,ダ,父,ブライアンズタイム,1,1.196,0.2609,0.0,115
直線長め・持続型,芝,父,ネオユニヴァース,1,1.196,0.2449,0.0,98
直線長め・持続型,ダ,母父,ダイワメジャー,1,1.19,0.2376,0.0,101
平坦・スピード型,芝,母父,クロフネ,1,1.189,0.2917,0.0,96
直線長め・平坦型,ダ,父,サウスヴィグラス,1,1.187,0.2706,0.0,85
直線長め・持続型,ダ,母父,ゴールドアリュール,1,1.181,0.2358,0.0,123
小回り・機動型,芝,父,ゼンノロブロイ,1,1.178,0.2613,0.0,111
小回り・機動型,芝,父,タイキシャトル,1,1.177,0.2294,0.0,109
平坦・スピード型,ダ,母父,マンハッタンカフェ,1,1.173,0.2558,0.0,86
小回り・機動型,芝,父,アドマイヤムーン,1,1.166,0.2273,0.0,110
直線長め・持続型,ダ,父,ブライアンズタイム,1,1.161,0.2319,0.0,138
直線長め・持続型,ダ,父,キンシャサノキセキ,1,1.159,0.2315,0.0,203
坂あり・パワー型,芝,父,ヴィクトワールピサ,1,1.155,0.25,0.0,80
坂あり・パワー型,ダ,母父,ダンスインザダーク,1,1.147,0.2333,0.0,90
平坦・スピード型,ダ,母父,ノーザンテースト,1,1.146,0.25,0.0,88
直線長め・持続型,ダ,父,ドレフォン,1,1.143,0.2283,0.0,92
直線長め・平坦型,芝,父系統,ナスルーラ系,1,1.143,0.1923,0.0,182
小回り・機動型,芝,母父,シンボリクリスエス,1,1.14,0.2529,0.0,87
直線長め・平坦型,芝,父,ゼンノロブロイ,1,1.14,0.2474,0.0,97
平坦・スピード型,芝,父,サクラバクシンオー,1,1.14,0.2353,0.0,119
直線長め・持続型,ダ,母父,シンボリクリスエス,1,1.138,0.2464,0.0,138
直線長め・持続型,ダ,父,カネヒキリ,1,1.136,0.2269,0.0,119
坂あり・パワー型,ダ,父,ブラックタイド,1,1.136,0.2261,0.0,115
坂あり・パワー型,ダ,母父,フォーティナイナー,1,1.136,0.219,0.0,137
直線長め・平坦型,ダ,母父,アグネスタキオン,1,1.134,0.2432,0.0,111
直線長め・平坦型,ダ,父,ネオユニヴァース,1,1.134,0.2432,0.0,111
小回り・機動型,ダ,母父,アグネスタキオン,1,1.132,0.2268,0.0,97
坂あり・パワー型,芝,父,ゼンノロブロイ,1,1.13,0.2451,0.0,102
直線長め・持続型,ダ,母父,ゼンノロブロイ,1,1.129,0.2255,0.0,102
直線長め・平坦型,芝,父,シンボリクリスエス,1,1.127,0.2375,0.0,80
坂あり・パワー型,ダ,父,アグネスデジタル,1,1.127,0.2243,0.0,107
直線長め・持続型,芝,父,ヴィクトワールピサ,1,1.122,0.266,0.0,94
坂あり・パワー型,ダ,父,ディープインパクト,1,1.116,0.2536,0.0,138
平坦・スピード型,芝,母父,アグネスタキオン,1,1.115,0.2389,0.0,113
直線長め・持続型,ダ,母父,Kingmambo,1,1.113,0.2222,0.0,81
直線長め・持続型,ダ,父系統,その他のエクリプス系,1,1.113,0.2222,0.0,144
平坦・スピード型,ダ,父,ハーツクライ,1,1.108,0.2289,0.0,83
直線長め・持続型,芝,母父,ホワイトマズル,1,1.108,0.2247,0.0,89
直線長め・持続型,芝,父,オルフェーヴル,1,1.108,0.2247,0.0,89
直線長め・持続型,ダ,父,ファスリエフ,1,1.108,0.2212,0.0,104
平坦・スピード型,芝,父,ダンスインザダーク,1,1.105,0.2366,0.0,93
小回り・機動型,芝,母父,サクラバクシンオー,1,1.104,0.2151,0.0,172
直線長め・平坦型,芝,父,タニノギムレット,1,1.101,0.2391,0.0,92
平坦・スピード型,芝,母父系統,トゥルビヨン系,1,1.1,0.27,0.0,100
平坦・スピード型,芝,父系統,ナスルーラ系,1,1.1,0.2271,0.0,251
直線長め・持続型,芝,父,ドゥラメンテ,1,1.099,0.2605,0.0,119
坂あり・パワー型,ダ,父,スウェプトオーヴァーボード,1,1.098,0.2233,0.0,103
小回り・持続型,芝,母父,フジキセキ,1,1.097,0.2556,0.0,90
直線長め・平坦型,芝,母父,アグネスタキオン,1,1.097,0.2381,0.0,84
直線長め・平坦型,ダ,母父,クロフネ,1,1.095,0.2347,0.0,98
平坦・スピード型,芝,父,クロフネ,1,1.092,0.2339,0.0,124
小回り・持続型,芝,母父,サクラバクシンオー,1,1.091,0.2541,0.0,122
坂あり・パワー型,ダ,父,ルーラーシップ,1,1.087,0.247,0.0,166
直線長め・平坦型,ダ,父,キンシャサノキセキ,1,1.085,0.2202,0.0,109
坂あり・パワー型,ダ,父,ブライアンズタイム,1,1.085,0.2159,0.0,88
直線長め・平坦型,芝,母父,サクラバクシンオー,1,1.085,0.1858,0.0,113
直線長め・平坦型,ダ,父,クロフネ,1,1.084,0.2324,0.0,142
平坦・スピード型,ダ,母父,ダンスインザダーク,1,1.082,0.2165,0.0,97
直線長め・持続型,ダ,父,ネオユニヴァース,1,1.081,0.2158,0.0,241
坂あり・パワー型,芝,母父,ダンスインザダーク,1,1.08,0.259,0.0,139
直線長め・持続型,芝,母父系統,母父系統不明,1,1.08,0.219,0.0,105
平坦・スピード型,ダ,母父,フォーティナイナー,1,1.079,0.2353,0.0,102
坂あり・パワー型,ダ,母父,ディープインパクト,1,1.077,0.2143,0.0,126
小回り・持続型,芝,父,ダイワメジャー,1,1.073,0.25,0.0,132
直線長め・平坦型,芝,父系統,ニアークティック系,1,1.073,0.1837,0.0,566
直線長め・持続型,ダ,母父,Storm Cat,1,1.07,0.2136,0.0,103
坂あり・パワー型,ダ,母父,アフリート,1,1.065,0.2119,0.0,151
直線長め・持続型,ダ,父,アイルハヴアナザー,1,1.062,0.2121,0.0,99
直線長め・持続型,ダ,父,ルーラーシップ,1,1.061,0.2119,0.0,118
坂あり・パワー型,芝,父,フジキセキ,1,1.06,0.23,0.0,100
坂あり・パワー型,ダ,父,キングヘイロー,1,1.06,0.2043,0.0,93
平坦・スピード型,芝,母父,ダンスインザダーク,1,1.059,0.2598,0.0,127
直線長め・持続型,ダ,母父系統,マンノウォー系,1,1.059,0.2115,0.0,104
直線長め・平坦型,芝,母父,フレンチデピュティ,1,1.059,0.2062,0.0,97
直線長め・持続型,ダ,母父,ダンスインザダーク,1,1.059,0.1776,0.0,152
小回り・機動型,芝,父,スペシャルウィーク,1,1.058,0.2346,0.0,81
直線長め・持続型,芝,父,ローエングリン,1,1.057,0.2143,0.0,84
平坦・スピード型,芝,母父,フジキセキ,1,1.052,0.2299,0.0,87
平坦・スピード型,ダ,母父,トニービン,1,1.052,0.2294,0.0,109
直線長め・持続型,芝,母父,ダンスインザダーク,1,1.052,0.2157,0.0,102
直線長め・持続型,ダ,母父,アグネスタキオン,1,1.052,0.21,0.0,281
直線長め・持続型,ダ,父,ジャスタウェイ,1,1.051,0.2099,0.0,81
直線長め・持続型,ダ,父,ロージズインメイ,1,1.05,0.2096,0.0,167
小回り・機動型,ダ,母父,サクラバクシンオー,1,1.05,0.1977,0.0,86
